feature,importance
confirmacoes,0.23379658432898143
lon_abs,0.13629242683725007
longitude,0.12657326337449962
bairro_encoded,0.11481697315545082
latitude,0.10357650389947048
hora,0.09817119348646189
lat_abs,0.09135462197990055
dia_semana,0.046009397935452646
mes,0.0329865244880084
eh_fim_semana,0.016422510514524126
